Region,2W,3W,4W,Bus,Chargers
Uttar Pradesh,9852,42881,458,197,207
Maharastra,38558,893,1895,186,317
Karnataka,32844,568,589,57,172
Tamil Nadu,25642,396,426,0,256
Gujarat,22359,254,423,22,228
Delhi,11756,5287,1578,186,72
Bihar,2388,10783,89,36,37
Assam,357,11547,42,0,20
Kerala,10345,308,578,0,131
Odisha,9540,253,89,0,18
Andhra Pradesh,14578,2587,524,0,266
Rajasthan,2387,1578,24,0,205
Madhya Pradesh,1789,1254,57,0,159
West Bengal,3547,3654,124,0,141
Telangana,4578,898,186,0,70
Chandigadh,1567,542,32,0,65
Haryana,5782,2876,354,0,50
Meghalaya,856,566,18,0,40
Sikkim,525,425,12,0,29
Jammu & Kashmir,187,234,27,0,25
Chhattisgarh,259,964,34,0,25
Uttarakhand,954,1865,134,0,10
Puducherry,641,995,35,0,10
Himachal Pradesh,824,868,289,0,10
